model,objective,seed,window,features,training_sequences,trainable_parameters,fit_seconds,inference_seconds,return_target_mean,return_target_std,rows,positive_share,direction_accuracy,balanced_accuracy,mcc,auc,brier,log_loss,ece_10,stage,instances,trained_shap_seconds,random_initialization_shap_seconds,permuted_label_fit_seconds,permuted_label_shap_seconds,deletion_seconds,weight_reproduction_max_abs_error
lstm,direct,42.0,5.0,122,3299.0,9041.0,8.454433100007009,0.3849239000119269,1.0229160344153695e-05,0.0105738784028595,138.0,0.5869565217391305,0.5,0.5350877192982456,0.0750939261482638,0.5358457873077757,0.2502279867061254,0.6936024913665191,0.0926286560901697,forward_2026,,,,,,,
lstm,direct,123.0,5.0,122,3299.0,9041.0,8.038560800006962,0.3672160999994958,1.0229160344153695e-05,0.0105738784028595,138.0,0.5869565217391305,0.5869565217391305,0.5,0.0,0.5307559021009314,0.2491308986164059,0.6914086935314138,0.0835949558278789,forward_2026,,,,,,,
lstm,direct,456.0,5.0,122,3299.0,9041.0,8.209361000001081,0.4184337000042433,1.0229160344153695e-05,0.0105738784028595,138.0,0.5869565217391305,0.5869565217391305,0.5,0.0,0.4938271604938271,0.2498217234118824,0.692790626877758,0.0859187418136044,forward_2026,,,,,,,
lstm,direct,789.0,5.0,122,3299.0,9041.0,8.360992200003238,0.3967004000005545,1.0229160344153695e-05,0.0105738784028595,138.0,0.5869565217391305,0.4710144927536231,0.5285899935022742,0.0742789820010044,0.5289148797920727,0.2507257566266786,0.6945990888989056,0.0938250560691391,forward_2026,,,,,,,
lstm,direct,2025.0,5.0,122,3299.0,9041.0,8.101283700001659,0.3506988999870373,1.0229160344153695e-05,0.0105738784028595,138.0,0.5869565217391305,0.5869565217391305,0.5,0.0,0.5025990903183886,0.2488565724477006,0.6908601855405809,0.0801124788712764,forward_2026,,,,,,,
lstm,multitask,42.0,5.0,122,3299.0,9050.0,9.01043789999676,0.391738800011808,1.0229160344153695e-05,0.0105738784028595,138.0,0.5869565217391305,0.5434782608695652,0.4837556855100715,-0.0436989484810084,0.4974009096816114,0.2499820533411421,0.6931117780825,0.0834464063678962,forward_2026,,,,,,,
lstm,multitask,123.0,5.0,122,3299.0,9050.0,8.974252699990757,0.38241669999843,1.0229160344153695e-05,0.0105738784028595,138.0,0.5869565217391305,0.5869565217391305,0.5,0.0,0.5,0.2491178932892653,0.6913829038055148,0.0817271678344063,forward_2026,,,,,,,
lstm,multitask,456.0,5.0,122,3299.0,9050.0,8.893871799999033,0.3872635000006994,1.0229160344153695e-05,0.0105738784028595,138.0,0.5869565217391305,0.5869565217391305,0.5,0.0,0.4974009096816114,0.2487825253124167,0.6907120615969359,0.0796489914258321,forward_2026,,,,,,,
lstm,multitask,789.0,5.0,122,3299.0,9050.0,9.37424699999974,0.466997799987439,1.0229160344153695e-05,0.0105738784028595,138.0,0.5869565217391305,0.572463768115942,0.5084470435347628,0.0246994788464944,0.5060645440762399,0.2497284659355263,0.6925996330375315,0.0880255543667337,forward_2026,,,,,,,
lstm,multitask,2025.0,5.0,122,3299.0,9050.0,9.465587600003346,0.5112902999971993,1.0229160344153695e-05,0.0105738784028595,138.0,0.5869565217391305,0.5869565217391305,0.5,0.0,0.5,0.2487848992467823,0.6907168104779606,0.0796638934508614,forward_2026,,,,,,,
cnn,direct,42.0,20.0,122,3284.0,12017.0,8.799725699995179,0.2840207000117516,3.0284848618105944e-06,0.0105821288654473,138.0,0.5869565217391305,0.5869565217391305,0.5,0.0,0.5,0.2492667233950811,0.6916805912570851,0.0826326815978341,forward_2026,,,,,,,
cnn,direct,123.0,20.0,122,3284.0,12017.0,8.627404499988188,0.2295626999984961,3.0284848618105944e-06,0.0105821288654473,138.0,0.5869565217391305,0.4130434782608695,0.5,0.0,0.4959930690924843,0.2511645232827172,0.6954765013795433,0.0937196394239647,forward_2026,,,,,,,
cnn,direct,456.0,20.0,122,3284.0,12017.0,8.689160499998252,0.22352420000243,3.0284848618105944e-06,0.0105821288654473,138.0,0.5869565217391305,0.5869565217391305,0.5,0.0,0.5,0.2486091436851832,0.6903652126162945,0.0785530416861824,forward_2026,,,,,,,
cnn,direct,789.0,20.0,122,3284.0,12017.0,8.538800499998615,0.2096292999922298,3.0284848618105944e-06,0.0105821288654473,138.0,0.5869565217391305,0.5869565217391305,0.5,0.0,0.5,0.2486113163829361,0.6903695592375877,0.0785668699637703,forward_2026,,,,,,,
cnn,direct,2025.0,20.0,122,3284.0,12017.0,8.345150799999828,0.1928086999978404,3.0284848618105944e-06,0.0105821288654473,138.0,0.5869565217391305,0.5869565217391305,0.5,0.0,0.5,0.2486087878487262,0.6903645007422403,0.078550776709681,forward_2026,,,,,,,
cnn,multitask,42.0,20.0,122,3284.0,12026.0,9.848656000001938,0.2103292999963741,3.0284848618105944e-06,0.0105821288654473,138.0,0.5869565217391305,0.5869565217391305,0.5,0.0,0.5025990903183886,0.2490527770791161,0.6912526560233304,0.0813278184420821,forward_2026,,,,,,,
cnn,multitask,123.0,20.0,122,3284.0,12026.0,10.549683100005495,0.1894073000003118,3.0284848618105944e-06,0.0105821288654473,138.0,0.5869565217391305,0.5072463768115942,0.5178687459389214,0.0354318416899944,0.4944769330734243,0.2502970583660161,0.6937414018220329,0.0886024739863215,forward_2026,,,,,,,
cnn,multitask,456.0,20.0,122,3284.0,12026.0,9.79358990000037,0.2095351000025402,3.0284848618105944e-06,0.0105821288654473,138.0,0.5869565217391305,0.5869565217391305,0.5,0.0,0.5,0.2486068777441898,0.6903606794516076,0.0785386173621468,forward_2026,,,,,,,
cnn,multitask,789.0,20.0,122,3284.0,12026.0,9.877827400006936,0.2331898999982513,3.0284848618105944e-06,0.0105821288654473,138.0,0.5869565217391305,0.5869565217391305,0.5,0.0,0.5025990903183886,0.2485861571497277,0.6903192263278349,0.0784065939378048,forward_2026,,,,,,,
cnn,multitask,2025.0,20.0,122,3284.0,12026.0,9.719876599992858,0.2168902999983402,3.0284848618105944e-06,0.0105821288654473,138.0,0.5869565217391305,0.5869565217391305,0.5,0.0,0.5,0.2486088721248546,0.6903646693421446,0.078551313151484,forward_2026,,,,,,,
lstm_cnn,direct,42.0,20.0,122,3284.0,10737.0,15.96779899999092,0.4210809999931371,3.0284848618105944e-06,0.0105821288654473,138.0,0.5869565217391305,0.4927536231884058,0.5133203378817414,0.026969803144752,0.47346761966645,0.2494158402899839,0.6919784957684649,0.0843859900167022,forward_2026,,,,,,,
lstm_cnn,direct,123.0,20.0,122,3284.0,10737.0,16.23917509999592,0.4038949999958277,3.0284848618105944e-06,0.0105821288654473,138.0,0.5869565217391305,0.4710144927536231,0.5311890838206628,0.0839019810835361,0.50682261208577,0.252036928255832,0.6972231502486436,0.0986113114201504,forward_2026,,,,,,,
lstm_cnn,direct,456.0,20.0,122,3284.0,10737.0,16.19418050000968,0.4081755999941379,3.0284848618105944e-06,0.0105821288654473,138.0,0.5869565217391305,0.5869565217391305,0.5,0.0,0.5118042018626813,0.249589328497556,0.6923258313706149,0.0845483498296876,forward_2026,,,,,,,
lstm_cnn,direct,789.0,20.0,122,3284.0,10737.0,16.83111280000594,0.4086631000100169,3.0284848618105944e-06,0.0105821288654473,138.0,0.5869565217391305,0.5869565217391305,0.5,0.0,0.4739008013861815,0.2495063149739496,0.6921597710263598,0.0844186531460804,forward_2026,,,,,,,
lstm_cnn,direct,2025.0,20.0,122,3284.0,10737.0,17.158186400003615,0.423743999999715,3.0284848618105944e-06,0.0105821288654473,138.0,0.5869565217391305,0.4710144927536231,0.4740090968161143,-0.051238108434524,0.4927442061944985,0.2498318330731754,0.6928108248329398,0.0861199210951293,forward_2026,,,,,,,
lstm_cnn,multitask,42.0,20.0,122,3284.0,10746.0,17.626197500008857,0.4312675999972271,3.0284848618105944e-06,0.0105821288654473,138.0,0.5869565217391305,0.5869565217391305,0.5,0.0,0.5025990903183886,0.2486037042392812,0.6903543306379315,0.0785184122514034,forward_2026,,,,,,,
lstm_cnn,multitask,123.0,20.0,122,3284.0,10746.0,18.176856200007023,0.4355443000094965,3.0284848618105944e-06,0.0105821288654473,138.0,0.5869565217391305,0.5869565217391305,0.5,0.0,0.5174355642191899,0.2488072223673727,0.690761430892557,0.0797768805337989,forward_2026,,,,,,,
lstm_cnn,multitask,456.0,20.0,122,3284.0,10746.0,17.319508400003542,0.4975688999984413,3.0284848618105944e-06,0.0105821288654473,138.0,0.5869565217391305,0.5869565217391305,0.5,0.0,0.5,0.2486150633116705,0.6903770551995155,0.0785907118216805,forward_2026,,,,,,,
lstm_cnn,multitask,789.0,20.0,122,3284.0,10746.0,17.752288300005603,0.4388334999966901,3.0284848618105944e-06,0.0105821288654473,138.0,0.5869565217391305,0.5869565217391305,0.5,0.0,0.4747671648256444,0.2492923123881985,0.6917317726096209,0.0828023552894592,forward_2026,,,,,,,
lstm_cnn,multitask,2025.0,20.0,122,3284.0,10746.0,17.7536082000006,0.422848400005023,3.0284848618105944e-06,0.0105821288654473,138.0,0.5869565217391305,0.5869565217391305,0.5,0.0,0.5,0.2486093028784989,0.6903655310928762,0.0785540549651436,forward_2026,,,,,,,
lstm_attention,direct,42.0,10.0,122,3294.0,10129.0,14.203484400000889,0.5821683000103803,9.51660891626637e-06,0.0105781076467983,138.0,0.5869565217391305,0.5869565217391305,0.5,0.0,0.5025990903183886,0.2485435258119012,0.6902339379110896,0.078134260315826,forward_2026,,,,,,,
lstm_attention,direct,123.0,10.0,122,3294.0,10129.0,13.860902500004158,0.56465039998875,9.51660891626637e-06,0.0105781076467983,138.0,0.5869565217391305,0.5942028985507246,0.5217673814165043,0.0791439856067401,0.5196014728178471,0.2491954191088432,0.6915378025626134,0.0905917394852293,forward_2026,,,,,,,
lstm_attention,direct,456.0,10.0,122,3294.0,10129.0,13.809387400004198,0.5104848000046331,9.51660891626637e-06,0.0105781076467983,138.0,0.5869565217391305,0.463768115942029,0.4782326185834957,-0.0435347628330084,0.50075806800953,0.2497498296346253,0.6926464473785383,0.0857849321935488,forward_2026,,,,,,,
lstm_attention,direct,789.0,10.0,122,3294.0,10129.0,13.786444199999096,0.5005139999993844,9.51660891626637e-06,0.0105781076467983,138.0,0.5869565217391305,0.5869565217391305,0.5,0.0,0.5,0.248543348856164,0.6902335838893837,0.0781331269637398,forward_2026,,,,,,,
lstm_attention,direct,2025.0,10.0,122,3294.0,10129.0,14.30449480000243,0.6420284999912838,9.51660891626637e-06,0.0105781076467983,138.0,0.5869565217391305,0.4782608695652174,0.4983755685510072,-0.0032890003835063,0.50379034004765,0.2497920224300335,0.6927299639891464,0.0871937272773272,forward_2026,,,,,,,
lstm_attention,multitask,42.0,10.0,122,3294.0,10138.0,15.052202499995474,0.5060979999980191,9.51660891626637e-06,0.0105781076467983,138.0,0.5869565217391305,0.5869565217391305,0.5,0.0,0.5,0.2489445422468056,0.6910361555406439,0.0806596486464791,forward_2026,,,,,,,
lstm_attention,multitask,123.0,10.0,122,3294.0,10138.0,14.997124300003634,0.4978114000114146,9.51660891626637e-06,0.0105781076467983,138.0,0.5869565217391305,0.5869565217391305,0.5,0.0,0.5012995451591943,0.2487643712628363,0.690675568262825,0.0809437999690788,forward_2026,,,,,,,
lstm_attention,multitask,456.0,10.0,122,3294.0,10138.0,15.18452029999753,0.5210908000008203,9.51660891626637e-06,0.0105781076467983,138.0,0.5869565217391305,0.4782608695652174,0.4957764782326185,-0.0084950175185757,0.5009746588693957,0.2507128984568597,0.6945732663755368,0.089983058364495,forward_2026,,,,,,,
lstm_attention,multitask,789.0,10.0,122,3294.0,10138.0,15.073724999994738,0.726487800013274,9.51660891626637e-06,0.0105781076467983,138.0,0.5869565217391305,0.5869565217391305,0.5,0.0,0.4974009096816114,0.2485437028159273,0.6902342920293748,0.0781353910764058,forward_2026,,,,,,,
lstm_attention,multitask,2025.0,10.0,122,3294.0,10138.0,15.087368199994671,0.5142666000028839,9.51660891626637e-06,0.0105781076467983,138.0,0.5869565217391305,0.4855072463768116,0.4759584145549058,-0.0475959934718427,0.5232835174355643,0.2496776847116775,0.6925025159898052,0.0854525790698286,forward_2026,,,,,,,
lstm_cnn_attention,direct,42.0,20.0,122,3284.0,12865.0,22.7357742000022,0.5377205000113463,3.0284848618105944e-06,0.0105821288654473,138.0,0.5869565217391305,0.5869565217391305,0.5,0.0,0.5061728395061729,0.2495912733281262,0.6923297210306331,0.0845925522887188,forward_2026,,,,,,,
lstm_cnn_attention,direct,123.0,20.0,122,3284.0,12865.0,21.96140079999168,0.5322648000001209,3.0284848618105944e-06,0.0105821288654473,138.0,0.5869565217391305,0.5869565217391305,0.5,0.0,0.5,0.24861071697984,0.690368360093629,0.0785630552665047,forward_2026,,,,,,,
lstm_cnn_attention,direct,456.0,20.0,122,3284.0,12865.0,22.01659679999284,0.671018399996683,3.0284848618105944e-06,0.0105821288654473,138.0,0.5869565217391305,0.5869565217391305,0.5,0.0,0.5,0.2486120469448094,0.6903710207725943,0.0785715191260628,forward_2026,,,,,,,
lstm_cnn_attention,direct,789.0,20.0,122,3284.0,12865.0,21.684399099991424,0.5307818000001134,3.0284848618105944e-06,0.0105821288654473,138.0,0.5869565217391305,0.5869565217391305,0.5,0.0,0.4836473900801386,0.2491110512750298,0.6913691990325368,0.0818978889264923,forward_2026,,,,,,,
lstm_cnn_attention,direct,2025.0,20.0,122,3284.0,12865.0,22.26224660000298,0.5493093999975827,3.0284848618105944e-06,0.0105821288654473,138.0,0.5869565217391305,0.5869565217391305,0.5,0.0,0.5,0.2486098179297655,0.690366561486285,0.0785573332206063,forward_2026,,,,,,,
lstm_cnn_attention,multitask,42.0,20.0,122,3284.0,12874.0,23.46086560000549,0.5743572000064887,3.0284848618105944e-06,0.0105821288654473,138.0,0.5869565217391305,0.5869565217391305,0.5,0.0,0.5,0.2486084601136984,0.690363845086833,0.0785486905471138,forward_2026,,,,,,,
lstm_cnn_attention,multitask,123.0,20.0,122,3284.0,12874.0,23.482542300000205,0.5584349999990081,3.0284848618105944e-06,0.0105821288654473,138.0,0.5869565217391305,0.5869565217391305,0.5,0.0,0.5,0.2486692110092774,0.6904853796900199,0.0789344518081002,forward_2026,,,,,,,
lstm_cnn_attention,multitask,456.0,20.0,122,3284.0,12874.0,23.36978610001097,0.5813906999974279,3.0284848618105944e-06,0.0105821288654473,138.0,0.5869565217391305,0.5869565217391305,0.5,0.0,0.5,0.2488592372283645,0.690865516098237,0.0801291077033333,forward_2026,,,,,,,
lstm_cnn_attention,multitask,789.0,20.0,122,3284.0,12874.0,23.05778830000781,0.5628777999954764,3.0284848618105944e-06,0.0105821288654473,138.0,0.5869565217391305,0.5869565217391305,0.5,0.0,0.5150530647606671,0.2493491428024834,0.691845432576995,0.0832460984803629,forward_2026,,,,,,,
lstm_cnn_attention,multitask,2025.0,20.0,122,3284.0,12874.0,23.413284499998557,0.576910499992664,3.0284848618105944e-06,0.0105821288654473,138.0,0.5869565217391305,0.5869565217391305,0.5,0.0,0.5,0.2486083290221243,0.6903635828295203,0.078547856082087,forward_2026,,,,,,,
lstm,,,,122,,,,,,,,,,,,,,,,xai_sanity,30.0,1.0706955999921774,0.9541508999973303,10.349814300003345,0.8465876999980537,3.319820900011109,5.551115123125783e-17
cnn,,,,122,,,,,,,,,,,,,,,,xai_sanity,30.0,0.7843821999995271,0.7492767999938224,8.178008000002592,0.7031741999962833,3.3664660999929765,0.0
lstm_cnn,,,,122,,,,,,,,,,,,,,,,xai_sanity,30.0,1.3305209999962244,1.2492214999947464,15.256022599991411,1.2312691999977687,3.4202931999898283,5.551115123125783e-17
lstm_attention,,,,122,,,,,,,,,,,,,,,,xai_sanity,30.0,1.2077795000077458,1.1018347000062931,13.324421600002097,1.5031428000074811,3.3650665000022855,0.0
lstm_cnn_attention,,,,122,,,,,,,,,,,,,,,,xai_sanity,30.0,1.7464028999966104,1.6365879000077257,20.683350899998914,1.6158894000109285,3.639779599994654,0.0
