model,arm,balanced_accuracy_mean,balanced_accuracy_std,direction_accuracy_mean,direction_accuracy_std,mcc_mean,rmse_mean,mae_mean,temporal_folds,evidence_status,model_label,balanced_accuracy_mean_pct,direction_accuracy_mean_pct
lstm,Global-Numeric,0.5184697471012361,0.0156725352939383,0.5081434798228762,0.0348357724100559,0.0531122167713496,14.035981620400973,11.228351364562933,4,frozen_existing_result,LSTM,51.846974710123604,50.81434798228762
lstm,Global-Numeric-News,0.5026501245482762,0.0296152904290548,0.505934043084751,0.0349948431952176,0.0077664903696362,12.979850274136634,10.419786917595,4,frozen_existing_result,LSTM,50.26501245482762,50.5934043084751
lstm,Regime-SHAP-Numeric,0.5187902387675096,0.0442114331633766,0.5186800764436755,0.0365415063974445,0.0448313932505066,15.33169914896792,11.898910730608671,4,frozen_existing_result,LSTM,51.87902387675096,51.86800764436755
lstm,Regime-SHAP-Numeric-News,0.5200702766052748,0.0163650158412157,0.5198321053015539,0.0042860142592826,0.0443243152962159,15.97184920995312,12.731349137606896,4,frozen_existing_result,LSTM,52.007027660527484,51.98321053015539
cnn,Global-Numeric,0.5179785624081223,0.0282945690451839,0.5167055167055167,0.0216517090801752,0.0431102583108107,25.5095230963138,20.86097198446836,4,frozen_existing_result,CNN,51.79785624081224,51.67055167055167
cnn,Global-Numeric-News,0.5178912586329646,0.041634982492052,0.5167271129268148,0.033955825390793,0.0479155828729365,25.569398104249032,20.569982999635023,4,frozen_existing_result,CNN,51.78912586329646,51.672711292681484
cnn,Regime-SHAP-Numeric,0.532844499625917,0.0470712062459807,0.5354374523059322,0.0530603159280797,0.0686127899228782,20.157438896030957,15.650160306304857,4,frozen_existing_result,CNN,53.284449962591694,53.54374523059322
cnn,Regime-SHAP-Numeric-News,0.5149475536974959,0.0182797947042559,0.5175556688922933,0.0174758492246118,0.0308291982376718,22.741060974427395,17.729168831408238,4,frozen_existing_result,CNN,51.49475536974959,51.75556688922933
lstm_cnn,Global-Numeric,0.5377504056397918,0.0247575539818268,0.532415023501089,0.0197243512663581,0.0894762866097721,29.03037164168779,22.91619584087414,4,frozen_existing_result,LSTM-CNN,53.77504056397918,53.2415023501089
lstm_cnn,Global-Numeric-News,0.5360258585092865,0.0269396454514474,0.5312333903056705,0.0215759207252101,0.0841688155279167,29.42149456760722,23.081747799977368,4,frozen_existing_result,LSTM-CNN,53.602585850928655,53.12333903056705
lstm_cnn,Regime-SHAP-Numeric,0.5407239461889176,0.0205930976201248,0.5363665674861651,0.0300860253187974,0.0948221190369317,23.434839103912577,18.50361153457119,4,frozen_existing_result,LSTM-CNN,54.072394618891764,53.63665674861651
lstm_cnn,Regime-SHAP-Numeric-News,0.5280963560850032,0.0228794710191479,0.5211084716533674,0.0258208214670545,0.0656697565191076,29.79423644584861,23.44488879846579,4,frozen_existing_result,LSTM-CNN,52.809635608500315,52.110847165336736
lstm_attention,Global-Numeric,0.5361400809720811,0.0297230586524714,0.5184947716011427,0.0506571806259646,0.0899939312130806,30.851809771199232,25.82810554517629,4,frozen_existing_result,LSTM-Attention,53.614008097208114,51.84947716011427
lstm_attention,Global-Numeric-News,0.5171910154285204,0.0416129117014684,0.5060469890061916,0.0446192740930147,0.0431980078042755,22.78274623067839,18.096137722524425,4,frozen_existing_result,LSTM-Attention,51.719101542852044,50.60469890061916
lstm_attention,Regime-SHAP-Numeric,0.5158573162705127,0.0204025173637313,0.5138159220312722,0.0226237283656445,0.0342314397261658,20.43959255095931,16.381185139193885,4,frozen_existing_result,LSTM-Attention,51.58573162705127,51.38159220312723
lstm_attention,Regime-SHAP-Numeric-News,0.5261953684317974,0.0145832715537106,0.5239825784209167,0.0079966758570836,0.0618086941691867,20.405030620397717,15.896851991588948,4,frozen_existing_result,LSTM-Attention,52.61953684317974,52.39825784209167
lstm_cnn_attention,Global-Numeric,0.5310916749229215,0.0436074948788292,0.5260012425064586,0.0379574780159838,0.0728191252729468,39.00594115227312,30.979875320757472,4,frozen_existing_result,LSTM-CNN-Attention,53.10916749229215,52.60012425064586
lstm_cnn_attention,Global-Numeric-News,0.5188515701837281,0.0294495414824057,0.5125770631918173,0.0250921583329934,0.0459089678454859,39.21539265192436,30.97999481013972,4,frozen_existing_result,LSTM-CNN-Attention,51.88515701837281,51.25770631918173
lstm_cnn_attention,Regime-SHAP-Numeric,0.5404677930680437,0.0173733952763317,0.5384456705945156,0.0218050497750531,0.1011482405593291,30.50834108778233,24.066363797635635,4,frozen_existing_result,LSTM-CNN-Attention,54.04677930680437,53.84456705945156
lstm_cnn_attention,Regime-SHAP-Numeric-News,0.5364184116226383,0.0242427983959077,0.5342766735045051,0.0295746443017957,0.0892977939972288,31.76779907326111,25.34155670824087,4,frozen_existing_result,LSTM-CNN-Attention,53.64184116226382,53.42766735045051
pit_cmm_lstm,Global-Numeric,0.5366599919037381,0.004986310753161315,0.5250260109984403,0.030233925888364554,0.09695100787843974,15.27685309939005,12.028032885445972,4,post_freeze_exploratory_architecture_extension,PIT-CMM-LSTM,53.66599919037382,52.50260109984403
pit_cmm_lstm,Global-Numeric-News,0.5339132347409287,0.018119824175087722,0.5283773841244035,0.03075325938030526,0.08192068065186099,15.509497278736319,12.417145767008783,4,post_freeze_exploratory_architecture_extension,PIT-CMM-LSTM,53.391323474092864,52.83773841244035
pit_cmm_lstm,Regime-SHAP-Numeric,0.5058447400654265,0.01432474879500341,0.502121864929242,0.019731034255124978,0.011239338850707206,24.238988823024467,19.60814439841438,4,post_freeze_exploratory_architecture_extension,PIT-CMM-LSTM,50.58447400654265,50.212186492924204
pit_cmm_lstm,Regime-SHAP-Numeric-News,0.5157163457542404,0.0236796373293155,0.5127152999964103,0.03012869245972171,0.0370611944589731,24.23919485046485,19.520315474572573,4,post_freeze_exploratory_architecture_extension,PIT-CMM-LSTM,51.57163457542404,51.27152999964103
