stage,model,feature_set,sequence_window,seed,fold,train_start_year,train_end_year,test_year,n_train,n_test,rmse,mae,mape,r2,direction_accuracy,runtime_seconds
outer_test,lstm,full_ta,5,42,fold_1,2012,2021,2022,2359,241,12.01117945525404,9.545360351360674,0.9720308824999292,0.7087537517603948,0.5311203319502075,7.109916799992789
outer_test,lstm,full_ta,5,42,fold_2,2012,2022,2023,2600,243,16.594678999686998,13.923584586583054,1.505037233310112,0.8608998899311856,0.5432098765432098,7.25300160003826
outer_test,lstm,full_ta,5,42,fold_3,2012,2023,2024,2843,244,13.862761783457016,11.221581709257904,1.293986759376629,0.9009008446863682,0.4918032786885246,7.536153800028842
outer_test,lstm,full_ta,5,42,fold_4,2012,2024,2025,3087,234,13.444564610904804,10.907205981551062,1.3687130197732853,0.9302230161004532,0.5555555555555556,7.878295500006061
outer_test,lstm,full_ta,5,123,fold_1,2012,2021,2022,2359,241,11.624007735506906,8.70409847922345,0.8894815032894972,0.7272273588317673,0.5684647302904564,6.836971900018398
outer_test,lstm,full_ta,5,123,fold_2,2012,2022,2023,2600,243,13.22716462461026,10.507666562810346,1.1296558754639396,0.9116262509777872,0.5308641975308642,7.216033899981994
outer_test,lstm,full_ta,5,123,fold_3,2012,2023,2024,2843,244,15.321086336174574,12.61472617401454,1.4754538962323045,0.8789542483318256,0.4795081967213114,7.56971029995475
outer_test,lstm,full_ta,5,123,fold_4,2012,2024,2025,3087,234,16.892701172818782,13.820469637994586,1.7505188487174443,0.88984178064287,0.5555555555555556,8.50492940004915
outer_test,lstm,full_ta,5,456,fold_1,2012,2021,2022,2359,241,13.322162307327751,10.032365975597584,1.0251263611428858,0.6417068797199856,0.5352697095435685,6.925177900004201
outer_test,lstm,full_ta,5,456,fold_2,2012,2022,2023,2600,243,12.115756881966242,9.59360659632663,1.0354085989122856,0.9258534647815416,0.5802469135802469,7.200040199968498
outer_test,lstm,full_ta,5,456,fold_3,2012,2023,2024,2843,244,12.480209491423397,10.010368202651158,1.1668895280812082,0.9196817601011348,0.4959016393442623,7.634196900005918
outer_test,lstm,full_ta,5,456,fold_4,2012,2024,2025,3087,234,24.891129199540632,17.699226990759886,2.313738480012101,0.7608293377047944,0.5341880341880342,8.07179100002395
outer_test,lstm,full_ta,5,789,fold_1,2012,2021,2022,2359,241,10.151275048906957,8.14851729943049,0.8274961050377119,0.7919679644648806,0.5145228215767634,7.288444800011348
outer_test,lstm,full_ta,5,789,fold_2,2012,2022,2023,2600,243,12.975786704264022,10.616574716823102,1.144522427874756,0.9149533605267212,0.5102880658436214,7.282579999999143
outer_test,lstm,full_ta,5,789,fold_3,2012,2023,2024,2843,244,12.9679066248049,10.61721555179262,1.2349621578815475,0.9132818146481834,0.4836065573770491,7.6010327999829315
outer_test,lstm,full_ta,5,789,fold_4,2012,2024,2025,3087,234,13.80965263580159,10.826313717181856,1.3579237100223482,0.9263819656672856,0.5213675213675214,8.020370999991428
outer_test,lstm,full_ta,5,2025,fold_1,2012,2021,2022,2359,241,10.138048632446758,8.10906777102918,0.8250446975773815,0.7925097143053265,0.5518672199170125,7.0091822000104
outer_test,lstm,full_ta,5,2025,fold_2,2012,2022,2023,2600,243,13.508230249878476,11.191817371148652,1.2185768805933093,0.9078306189855824,0.4691358024691358,7.285654200008139
outer_test,lstm,full_ta,5,2025,fold_3,2012,2023,2024,2843,244,12.71796460772956,10.451642370937329,1.2268048462556798,0.9165923940093936,0.5163934426229508,7.53331549995346
outer_test,lstm,full_ta,5,2025,fold_4,2012,2024,2025,3087,234,15.155801563888168,11.94956476676413,1.5043916685340668,0.911330036680861,0.5427350427350427,8.011253000004217
outer_test,lstm,full_ta_vmd,5,42,fold_1,2012,2021,2022,2359,241,12.340595788931523,9.435126038329722,0.9632439233989512,0.6925593546613024,0.5103734439834025,7.197607800015248
outer_test,lstm,full_ta_vmd,5,42,fold_2,2012,2022,2023,2600,243,13.036465880900211,10.681003321011865,1.1491830165576542,0.9141560868907128,0.4732510288065844,7.312948700040579
outer_test,lstm,full_ta_vmd,5,42,fold_3,2012,2023,2024,2843,244,10.659171545965982,8.521346590216046,0.9913725059873276,0.9414108314007712,0.4631147540983606,7.765309000038542
outer_test,lstm,full_ta_vmd,5,42,fold_4,2012,2024,2025,3087,234,14.005020300222377,11.343325078456823,1.430004361422328,0.9242842561420684,0.5213675213675214,8.051995300047565
outer_test,lstm,full_ta_vmd,5,123,fold_1,2012,2021,2022,2359,241,10.469547084021045,8.102469177542877,0.8255691049976538,0.7787186476314109,0.5684647302904564,7.247531400003936
outer_test,lstm,full_ta_vmd,5,123,fold_2,2012,2022,2023,2600,243,14.328635017235742,11.953912173946224,1.292802520926139,0.8962950700888588,0.5061728395061729,7.299507799965795
outer_test,lstm,full_ta_vmd,5,123,fold_3,2012,2023,2024,2843,244,17.762433123168613,14.755176450092312,1.7352158524286585,0.8373045739790788,0.5,7.595870700024534
outer_test,lstm,full_ta_vmd,5,123,fold_4,2012,2024,2025,3087,234,15.357777022375569,12.275796723169648,1.5513351385906378,0.9089509489641822,0.5555555555555556,8.033706500020344
outer_test,lstm,full_ta_vmd,5,456,fold_1,2012,2021,2022,2359,241,11.965499857150444,9.065743926946558,0.9261206969470256,0.7109648107893025,0.5477178423236515,6.918601299985312
outer_test,lstm,full_ta_vmd,5,456,fold_2,2012,2022,2023,2600,243,12.072925134774342,9.342972189075164,1.009344199084365,0.9263767852933203,0.5720164609053497,7.925889299949631
outer_test,lstm,full_ta_vmd,5,456,fold_3,2012,2023,2024,2843,244,10.393593344201353,8.41752945060614,0.9748728009153138,0.9442940130045856,0.4877049180327868,7.7295651999884285
outer_test,lstm,full_ta_vmd,5,456,fold_4,2012,2024,2025,3087,234,18.13570137585353,13.58153913388906,1.7703276889851751,0.8730340051036873,0.5555555555555556,8.56711709999945
outer_test,lstm,full_ta_vmd,5,789,fold_1,2012,2021,2022,2359,241,13.550966229916904,10.22847398004096,1.0430615201357296,0.6292940521266303,0.5103734439834025,7.0939373999717645
outer_test,lstm,full_ta_vmd,5,789,fold_2,2012,2022,2023,2600,243,15.633414102448086,12.44816427334838,1.3622076456610348,0.8765482004158331,0.5061728395061729,7.362310800002888
outer_test,lstm,full_ta_vmd,5,789,fold_3,2012,2023,2024,2843,244,10.909812025277322,8.70387587343084,1.0091087114276645,0.9386230974518872,0.5163934426229508,7.62321469996823
outer_test,lstm,full_ta_vmd,5,789,fold_4,2012,2024,2025,3087,234,14.471711682106225,11.68874592876333,1.4919182583614123,0.9191540048680844,0.5128205128205128,8.242280400008895
outer_test,lstm,full_ta_vmd,5,2025,fold_1,2012,2021,2022,2359,241,10.20236824270174,8.060230267037992,0.8214091800929926,0.789868569079845,0.5103734439834025,6.931747299968265
outer_test,lstm,full_ta_vmd,5,2025,fold_2,2012,2022,2023,2600,243,12.093517471482906,9.434146994994988,1.0184128434866084,0.9261254183768126,0.5390946502057613,7.796478800009936
outer_test,lstm,full_ta_vmd,5,2025,fold_3,2012,2023,2024,2843,244,12.74318997846716,10.263709181566732,1.1986723983456542,0.9162611972464848,0.5163934426229508,7.763658899988513
outer_test,lstm,full_ta_vmd,5,2025,fold_4,2012,2024,2025,3087,234,14.749437109609495,11.391773102721606,1.4595972115330014,0.9160212123159126,0.5341880341880342,8.177587100013625
outer_test,cnn,full_ta,5,42,fold_1,2012,2021,2022,2359,241,17.89007269251085,15.584211307818446,1.5841377618684382,0.3538799191931184,0.4564315352697095,5.588414300000295
outer_test,cnn,full_ta,5,42,fold_2,2012,2022,2023,2600,243,17.37479354299551,14.503953710760122,1.575304805660906,0.8475143177786669,0.5185185185185185,5.819209600042086
outer_test,cnn,full_ta,5,42,fold_3,2012,2023,2024,2843,244,12.470351768398436,9.626341240396265,1.1170420535527228,0.9198085916695004,0.5450819672131147,6.068297700025141
outer_test,cnn,full_ta,5,42,fold_4,2012,2024,2025,3087,234,24.226478276979837,19.63446001303505,2.5438989357400787,0.7734316292953316,0.5256410256410257,6.394064200052526
outer_test,cnn,full_ta,5,123,fold_1,2012,2021,2022,2359,241,19.25957152198119,16.301983069621688,1.6656253939589576,0.2511716637665897,0.5269709543568465,5.660947200027295
outer_test,cnn,full_ta,5,123,fold_2,2012,2022,2023,2600,243,13.657994068313974,10.95903971114768,1.1852592284429813,0.9057755521603612,0.5185185185185185,5.761443399998825
outer_test,cnn,full_ta,5,123,fold_3,2012,2023,2024,2843,244,16.72876314449258,13.763237318504077,1.6105181107380744,0.8556894452073784,0.5081967213114754,6.220908000017516
outer_test,cnn,full_ta,5,123,fold_4,2012,2024,2025,3087,234,30.10562213319336,24.6414735861314,3.1936488032711075,0.6501241869433648,0.5341880341880342,7.0570128000108525
outer_test,cnn,full_ta,5,456,fold_1,2012,2021,2022,2359,241,27.47771282151421,25.018479624309,2.547905473617881,-0.5242288895180054,0.5518672199170125,5.4663736000075005
outer_test,cnn,full_ta,5,456,fold_2,2012,2022,2023,2600,243,13.19676863685264,10.76411979431968,1.1539330844675912,0.912031949556574,0.5473251028806584,5.764788599975873
outer_test,cnn,full_ta,5,456,fold_3,2012,2023,2024,2843,244,14.462233109876962,11.79490656223456,1.37855028899025,0.8921447855280206,0.5,6.13435720000416
outer_test,cnn,full_ta,5,456,fold_4,2012,2024,2025,3087,234,30.047728822439574,24.138461746425747,3.147560380873278,0.6514685201300573,0.5384615384615384,6.539997400017455
outer_test,cnn,full_ta,5,789,fold_1,2012,2021,2022,2359,241,30.749386179605008,26.952896361370808,2.733669230430492,-0.908806608205602,0.5518672199170125,5.480129999981728
outer_test,cnn,full_ta,5,789,fold_2,2012,2022,2023,2600,243,11.586434539947488,9.737718098467768,1.0488154303014563,0.9321906804632256,0.51440329218107,5.848377700021956
outer_test,cnn,full_ta,5,789,fold_3,2012,2023,2024,2843,244,14.980148274576685,12.035634368462668,1.4153289037717642,0.8842815371610162,0.5450819672131147,6.103106299997307
outer_test,cnn,full_ta,5,789,fold_4,2012,2024,2025,3087,234,28.265495160533973,21.296928114544663,2.781498045134088,0.6915875482048215,0.5213675213675214,6.540103000006639
outer_test,cnn,full_ta,5,2025,fold_1,2012,2021,2022,2359,241,12.202383222435618,9.556689833189932,0.9724344353865028,0.6994073559874798,0.4730290456431535,5.462810700002592
outer_test,cnn,full_ta,5,2025,fold_2,2012,2022,2023,2600,243,15.195443256828176,12.888690659165874,1.3802199798745314,0.883368326314464,0.5473251028806584,6.446509699977469
outer_test,cnn,full_ta,5,2025,fold_3,2012,2023,2024,2843,244,16.637623423038374,13.659234383438474,1.6021458733574436,0.8572575941366108,0.5409836065573771,6.30159679998178
outer_test,cnn,full_ta,5,2025,fold_4,2012,2024,2025,3087,234,18.83766916551778,14.639360737744571,1.8753320767253332,0.8630149922006142,0.5470085470085471,6.445307000016328
outer_test,cnn,full_ta_vmd,5,42,fold_1,2012,2021,2022,2359,241,15.07680237400458,12.490568854917614,1.2644879843777803,0.5411111424437038,0.4439834024896265,5.877896799996961
outer_test,cnn,full_ta_vmd,5,42,fold_2,2012,2022,2023,2600,243,13.427163894008643,11.15663539380204,1.20510709549579,0.9089335637091704,0.5185185185185185,5.7747434000484645
outer_test,cnn,full_ta_vmd,5,42,fold_3,2012,2023,2024,2843,244,10.742615543038694,8.400533116205805,0.9770652200605324,0.9404899248329844,0.5081967213114754,6.0647586999693885
outer_test,cnn,full_ta_vmd,5,42,fold_4,2012,2024,2025,3087,234,14.43652323004939,10.892210165007503,1.394631341899381,0.9195466863721936,0.5042735042735043,6.511911099951249
outer_test,cnn,full_ta_vmd,5,123,fold_1,2012,2021,2022,2359,241,11.523039700061023,8.872028472651097,0.9055386828195776,0.7319454739823064,0.5477178423236515,5.697749899991322
outer_test,cnn,full_ta_vmd,5,123,fold_2,2012,2022,2023,2600,243,14.881316263791692,11.957463377768132,1.301816278216528,0.8881406079116531,0.5102880658436214,5.940127499983646
outer_test,cnn,full_ta_vmd,5,123,fold_3,2012,2023,2024,2843,244,14.928874824072768,11.701206820362918,1.3684223334378525,0.8850723345100786,0.5122950819672131,6.302018099988345
outer_test,cnn,full_ta_vmd,5,123,fold_4,2012,2024,2025,3087,234,23.89585951310387,19.125754273167058,2.4778546924210483,0.7795733904476029,0.5256410256410257,6.880930099985562
outer_test,cnn,full_ta_vmd,5,456,fold_1,2012,2021,2022,2359,241,24.15257191181567,21.604551504301348,2.19491202292656,-0.1776488056145662,0.5518672199170125,5.756365999986883
outer_test,cnn,full_ta_vmd,5,456,fold_2,2012,2022,2023,2600,243,22.09026372357761,18.95209423912898,2.057746406005161,0.75351439392969,0.4938271604938271,5.837612200004514
outer_test,cnn,full_ta_vmd,5,456,fold_3,2012,2023,2024,2843,244,13.36341606471303,10.737603849973851,1.2567106289303138,0.9079114971688076,0.5081967213114754,6.183054699969944
outer_test,cnn,full_ta_vmd,5,456,fold_4,2012,2024,2025,3087,234,22.227159710475565,17.43424091332491,2.2357384276156997,0.8092842113338174,0.5512820512820513,6.532388999999967
outer_test,cnn,full_ta_vmd,5,789,fold_1,2012,2021,2022,2359,241,19.99121130581381,17.989428015665375,1.82258547719382,0.1931974771911737,0.4522821576763485,5.545104500022717
outer_test,cnn,full_ta_vmd,5,789,fold_2,2012,2022,2023,2600,243,12.40041102708947,9.9147614124675,1.0714757229827052,0.9223284587769836,0.5061728395061729,6.000118599971756
outer_test,cnn,full_ta_vmd,5,789,fold_3,2012,2023,2024,2843,244,11.670619948435975,8.940973744783248,1.038322872026234,0.929764240182426,0.5245901639344263,6.188904100039508
outer_test,cnn,full_ta_vmd,5,789,fold_4,2012,2024,2025,3087,234,17.02955622760302,12.807404590238894,1.65777192703612,0.8880496721577056,0.5641025641025641,6.552980900043622
outer_test,cnn,full_ta_vmd,5,2025,fold_1,2012,2021,2022,2359,241,16.26436860346424,12.766611431426536,1.2949232408320823,0.4659727176786041,0.5228215767634855,5.483906499983277
outer_test,cnn,full_ta_vmd,5,2025,fold_2,2012,2022,2023,2600,243,14.73385190562291,12.564595589598502,1.3420048469743049,0.8903465343694906,0.5555555555555556,5.865816400037147
outer_test,cnn,full_ta_vmd,5,2025,fold_3,2012,2023,2024,2843,244,17.08795827333829,14.57233911731207,1.7085488917414342,0.8494257247111219,0.4795081967213114,6.581498600018676
outer_test,cnn,full_ta_vmd,5,2025,fold_4,2012,2024,2025,3087,234,16.169829624624153,12.156178547673768,1.5677664601973371,0.8990678333948904,0.5512820512820513,6.6112680999794975
outer_test,lstm_cnn,full_ta,20,42,fold_1,2012,2021,2022,2359,241,23.70872214783488,18.247607092422065,1.8559833402439936,-0.1347634062947997,0.4730290456431535,12.644024299981538
outer_test,lstm_cnn,full_ta,20,42,fold_2,2012,2022,2023,2600,243,21.70758199099959,17.649923375074753,1.896843355499016,0.7619804324959569,0.5473251028806584,13.32182339997962
outer_test,lstm_cnn,full_ta,20,42,fold_3,2012,2023,2024,2843,244,23.77446963925467,18.8413164946486,2.2164306874110635,0.7085311772514096,0.5,14.238124700030312
outer_test,lstm_cnn,full_ta,20,42,fold_4,2012,2024,2025,3087,234,38.908575451357,29.15613133903245,3.8476612673313113,0.4156011282346865,0.5213675213675214,14.874915099993814
outer_test,lstm_cnn,full_ta,20,123,fold_1,2012,2021,2022,2359,241,29.84645145076734,21.795448120817603,2.22240492451295,-0.7983508964000754,0.5020746887966805,13.087006999994628
outer_test,lstm_cnn,full_ta,20,123,fold_2,2012,2022,2023,2600,243,26.05632481082852,20.992820130199064,2.262492568396365,0.6570616291558988,0.51440329218107,13.297401199990418
outer_test,lstm_cnn,full_ta,20,123,fold_3,2012,2023,2024,2843,244,21.865353949563893,17.018361229271196,2.002720188651818,0.7534622342840122,0.4959016393442623,14.183930600003803
outer_test,lstm_cnn,full_ta,20,123,fold_4,2012,2024,2025,3087,234,82.66693832150904,62.3739126375598,8.203366878000216,-1.6380463062444806,0.5128205128205128,15.048214400012512
outer_test,lstm_cnn,full_ta,20,456,fold_1,2012,2021,2022,2359,241,22.788334338293765,16.942370074220705,1.7219726324316689,-0.04836905526745,0.5062240663900415,12.459514699992724
outer_test,lstm_cnn,full_ta,20,456,fold_2,2012,2022,2023,2600,243,25.12803073170432,19.76210137067019,2.1383421136394323,0.6810617031971711,0.4732510288065844,13.45188229996711
outer_test,lstm_cnn,full_ta,20,456,fold_3,2012,2023,2024,2843,244,22.048792488813834,17.632751470325445,2.0714817990133216,0.749308244147088,0.4959016393442623,14.09988550003618
outer_test,lstm_cnn,full_ta,20,456,fold_4,2012,2024,2025,3087,234,49.1786376026899,39.188839176057776,5.106628457129927,0.0663766721276651,0.5427350427350427,14.885982200037688
outer_test,lstm_cnn,full_ta,20,789,fold_1,2012,2021,2022,2359,241,22.3078874537236,16.730740975126682,1.7057767214177548,-0.0046294793887449,0.4854771784232365,12.381157799973153
outer_test,lstm_cnn,full_ta,20,789,fold_2,2012,2022,2023,2600,243,23.060694035158267,18.58457584190761,2.002639733308382,0.7313823724972166,0.5555555555555556,13.319096699997315
outer_test,lstm_cnn,full_ta,20,789,fold_3,2012,2023,2024,2843,244,18.469679098820286,14.664418614594672,1.7079028228039477,0.824090565850411,0.5,14.618663100001868
outer_test,lstm_cnn,full_ta,20,789,fold_4,2012,2024,2025,3087,234,64.22416416683153,48.381004668861415,6.336488875805631,-0.5922660303412255,0.5341880341880342,15.13407400000142
outer_test,lstm_cnn,full_ta,20,2025,fold_1,2012,2021,2022,2359,241,33.87749100780612,27.66946496496555,2.8127197233717056,-1.3169224921067697,0.4605809128630705,12.430527099990286
outer_test,lstm_cnn,full_ta,20,2025,fold_2,2012,2022,2023,2600,243,21.48290016182515,17.373908691249277,1.8765865359298552,0.7668821216301235,0.5267489711934157,13.39954569999827
outer_test,lstm_cnn,full_ta,20,2025,fold_3,2012,2023,2024,2843,244,22.165380660091863,17.560994956122087,2.0610050277682888,0.7466500516376775,0.4836065573770491,14.132305500039363
outer_test,lstm_cnn,full_ta,20,2025,fold_4,2012,2024,2025,3087,234,91.88036846314073,65.57621013000481,8.649230550011747,-2.258848449288445,0.5683760683760684,15.69638280000072
outer_test,lstm_cnn,full_ta_vmd,20,42,fold_1,2012,2021,2022,2359,241,23.439759169942867,18.243518006158567,1.8563446605865492,-0.1091628595125071,0.4854771784232365,12.636172100028489
outer_test,lstm_cnn,full_ta_vmd,20,42,fold_2,2012,2022,2023,2600,243,23.868406715977585,19.61462004428046,2.1077724855427773,0.7122358945783327,0.5390946502057613,13.224571599974295
outer_test,lstm_cnn,full_ta_vmd,20,42,fold_3,2012,2023,2024,2843,244,27.525891500297668,22.80945530983271,2.6813008085359384,0.6092911764279162,0.5,14.332870999991428
outer_test,lstm_cnn,full_ta_vmd,20,42,fold_4,2012,2024,2025,3087,234,45.367464028376354,32.44423206840828,4.311251809254879,0.2054747289712469,0.5427350427350427,15.049111699976493
outer_test,lstm_cnn,full_ta_vmd,20,123,fold_1,2012,2021,2022,2359,241,27.39449915111993,19.699280206969167,2.006418180786921,-0.5150109007604706,0.4937759336099585,12.871319699974263
outer_test,lstm_cnn,full_ta_vmd,20,123,fold_2,2012,2022,2023,2600,243,23.28969484171795,18.77235750471123,2.0208052133646537,0.7260209484765943,0.5555555555555556,13.231149800005367
outer_test,lstm_cnn,full_ta_vmd,20,123,fold_3,2012,2023,2024,2843,244,27.543338926662116,22.913077990227087,2.7088174180617184,0.6087957139008681,0.5081967213114754,14.267873900011182
outer_test,lstm_cnn,full_ta_vmd,20,123,fold_4,2012,2024,2025,3087,234,51.78458305072839,39.70004887357739,5.239386212489105,-0.0351890647925634,0.5256410256410257,15.05742090003332
outer_test,lstm_cnn,full_ta_vmd,20,456,fold_1,2012,2021,2022,2359,241,24.060018746858407,18.90088974952697,1.9307101884624915,-0.1686405485430067,0.4813278008298755,12.935710999998264
outer_test,lstm_cnn,full_ta_vmd,20,456,fold_2,2012,2022,2023,2600,243,27.192250945890915,22.02863001709614,2.400952467366336,0.6265090519978131,0.5020576131687243,13.229529700009152
outer_test,lstm_cnn,full_ta_vmd,20,456,fold_3,2012,2023,2024,2843,244,23.301924592034556,18.40526601982901,2.1674706145229146,0.7200025882145502,0.5040983606557377,13.998398399970029
outer_test,lstm_cnn,full_ta_vmd,20,456,fold_4,2012,2024,2025,3087,234,40.311253081722434,30.004279790311813,3.957162308653844,0.3727057524223713,0.5512820512820513,14.987409800000025
outer_test,lstm_cnn,full_ta_vmd,20,789,fold_1,2012,2021,2022,2359,241,23.894878362177188,18.699076813642414,1.9062921612555048,-0.1526532426843383,0.5062240663900415,13.74373430002015
outer_test,lstm_cnn,full_ta_vmd,20,789,fold_2,2012,2022,2023,2600,243,27.077148312758062,22.453265096366145,2.434124985906582,0.6296642748198833,0.5267489711934157,13.749630799982697
outer_test,lstm_cnn,full_ta_vmd,20,789,fold_3,2012,2023,2024,2843,244,24.881677462796656,20.17658505757327,2.3758929786019767,0.6807508540854099,0.5,14.51854409999214
outer_test,lstm_cnn,full_ta_vmd,20,789,fold_4,2012,2024,2025,3087,234,59.87046081668636,44.07088845992702,5.79386661385808,-0.3837062729317719,0.5726495726495726,15.060192700009791
outer_test,lstm_cnn,full_ta_vmd,20,2025,fold_1,2012,2021,2022,2359,241,23.69485983387882,18.374693714751245,1.869774791165644,-0.1334368187403856,0.4688796680497925,12.951365099987015
outer_test,lstm_cnn,full_ta_vmd,20,2025,fold_2,2012,2022,2023,2600,243,22.05082998599284,17.997761539412128,1.9317659327916368,0.7543936204784569,0.5473251028806584,13.247475199983455
outer_test,lstm_cnn,full_ta_vmd,20,2025,fold_3,2012,2023,2024,2843,244,29.231695361508013,24.145626805551743,2.837917388084436,0.5593655586548476,0.4795081967213114,14.659559499996249
outer_test,lstm_cnn,full_ta_vmd,20,2025,fold_4,2012,2024,2025,3087,234,78.03888090487237,55.38882396480977,7.32787604244336,-1.3509358235433755,0.5683760683760684,15.09282640001038
outer_test,lstm_attention,full_ta,20,42,fold_1,2012,2021,2022,2359,241,29.40417055371903,22.803136122948896,2.3134154535953457,-0.7454479179158042,0.4771784232365145,15.357078099972568
outer_test,lstm_attention,full_ta,20,42,fold_2,2012,2022,2023,2600,243,26.326778905143083,21.051271081677196,2.2767737027884394,0.6499055596688494,0.5267489711934157,16.08673199999612
outer_test,lstm_attention,full_ta,20,42,fold_3,2012,2023,2024,2843,244,33.53392786558116,25.066004775840756,2.9744948429766183,0.4201184601688875,0.5491803278688525,17.905860600003507
outer_test,lstm_attention,full_ta,20,42,fold_4,2012,2024,2025,3087,234,29.488095685381246,23.29032411946192,3.006110157608596,0.6643302831277886,0.5042735042735043,18.331856600008905
outer_test,lstm_attention,full_ta,20,123,fold_1,2012,2021,2022,2359,241,28.72426079717931,23.404979792927307,2.3796243802851085,-0.6656615115185216,0.4564315352697095,15.08286169997882
outer_test,lstm_attention,full_ta,20,123,fold_2,2012,2022,2023,2600,243,26.348434686528883,21.389514855278872,2.319910298412996,0.6493293640848441,0.5185185185185185,16.034511699981522
outer_test,lstm_attention,full_ta,20,123,fold_3,2012,2023,2024,2843,244,37.00802781897614,29.31911292656526,3.483867525205305,0.2937437312480133,0.5286885245901639,19.68823319999501
outer_test,lstm_attention,full_ta,20,123,fold_4,2012,2024,2025,3087,234,31.36436582575672,24.111485100510805,3.127449328956347,0.620255292819058,0.5128205128205128,18.34716900001513
outer_test,lstm_attention,full_ta,20,456,fold_1,2012,2021,2022,2359,241,29.844240053009948,23.1330131338444,2.349093531498616,-0.7980844176987258,0.4564315352697095,15.34241949999705
outer_test,lstm_attention,full_ta,20,456,fold_2,2012,2022,2023,2600,243,26.6774076423104,21.498888860690744,2.3147976909911483,0.6405181138601919,0.522633744855967,16.555081199971028
outer_test,lstm_attention,full_ta,20,456,fold_3,2012,2023,2024,2843,244,29.07790029347901,21.882635816707005,2.591935895112251,0.563989931797711,0.5204918032786885,20.934829799982253
outer_test,lstm_attention,full_ta,20,456,fold_4,2012,2024,2025,3087,234,62.68616595254424,46.23022289241483,6.13114462254449,-0.5169180678256109,0.5213675213675214,24.29252760001691
outer_test,lstm_attention,full_ta,20,789,fold_1,2012,2021,2022,2359,241,29.69432684610361,23.074119404539523,2.33889459485963,-0.7800655581651694,0.4688796680497925,18.48523890000069
outer_test,lstm_attention,full_ta,20,789,fold_2,2012,2022,2023,2600,243,24.15638188581998,19.41171422618898,2.0988441194838043,0.7052501891809847,0.51440329218107,19.81649890000699
outer_test,lstm_attention,full_ta,20,789,fold_3,2012,2023,2024,2843,244,30.45245939361143,24.191178058434737,2.8445288918390537,0.5217938276223988,0.5,20.61519530002261
outer_test,lstm_attention,full_ta,20,789,fold_4,2012,2024,2025,3087,234,27.89005870815606,21.616696432237948,2.756738000828427,0.6997261136576537,0.5299145299145299,22.01159650000045
outer_test,lstm_attention,full_ta,20,2025,fold_1,2012,2021,2022,2359,241,37.99625661180244,30.09589053622913,3.0436439515932805,-1.9145442433440176,0.4647302904564315,18.617124799988236
outer_test,lstm_attention,full_ta,20,2025,fold_2,2012,2022,2023,2600,243,27.04980127730456,21.776438971311475,2.3650795616357474,0.630411951039302,0.5349794238683128,19.89785110001685
outer_test,lstm_attention,full_ta,20,2025,fold_3,2012,2023,2024,2843,244,41.15740516836768,33.920361300687354,4.029738978044899,0.1264929705512103,0.5204918032786885,20.85677189996932
outer_test,lstm_attention,full_ta,20,2025,fold_4,2012,2024,2025,3087,234,28.79729342435832,22.174379216870687,2.8223379480842974,0.6798731869100139,0.5256410256410257,22.772552500013266
outer_test,lstm_attention,full_ta_vmd,20,42,fold_1,2012,2021,2022,2359,241,29.40882492527029,23.32721889723386,2.3682119142285822,-0.7460005338168416,0.4688796680497925,18.548775199975356
outer_test,lstm_attention,full_ta_vmd,20,42,fold_2,2012,2022,2023,2600,243,26.097994297991114,21.02928299754736,2.2707861620206824,0.6559638924228512,0.5390946502057613,19.5638772000093
outer_test,lstm_attention,full_ta_vmd,20,42,fold_3,2012,2023,2024,2843,244,32.33786615918766,23.87615204437837,2.83380891528614,0.460746279227031,0.5368852459016393,21.00618000002578
outer_test,lstm_attention,full_ta_vmd,20,42,fold_4,2012,2024,2025,3087,234,29.17857921892309,23.078162484540908,2.976019448039076,0.6713398945060673,0.5085470085470085,21.82858380000107
outer_test,lstm_attention,full_ta_vmd,20,123,fold_1,2012,2021,2022,2359,241,22.41129890668786,17.687279025786136,1.7978670910897614,-0.0139652798686344,0.5269709543568465,17.57280110003194
outer_test,lstm_attention,full_ta_vmd,20,123,fold_2,2012,2022,2023,2600,243,67.21955101869584,55.77437241409054,6.182997993373677,-1.2823433349379654,0.5020576131687243,19.49985160003416
outer_test,lstm_attention,full_ta_vmd,20,123,fold_3,2012,2023,2024,2843,244,122.15196622264008,113.938017136777,13.449936577243191,-6.694339694222552,0.4795081967213114,21.627046499983408
outer_test,lstm_attention,full_ta_vmd,20,123,fold_4,2012,2024,2025,3087,234,46.237672403986025,34.142877873253646,4.513931259021422,0.1747022989396546,0.5256410256410257,22.66026299999794
outer_test,lstm_attention,full_ta_vmd,20,456,fold_1,2012,2021,2022,2359,241,30.677092616203797,23.45972116130021,2.380733217557728,-0.8998417323313137,0.4605809128630705,18.082050999975763
outer_test,lstm_attention,full_ta_vmd,20,456,fold_2,2012,2022,2023,2600,243,26.762904947849016,21.356987710509287,2.3074788007817504,0.638210244722692,0.5349794238683128,19.29894110001624
outer_test,lstm_attention,full_ta_vmd,20,456,fold_3,2012,2023,2024,2843,244,25.779011164766903,20.78980726453126,2.433315481203639,0.657308808833408,0.4877049180327868,20.46616960002575
outer_test,lstm_attention,full_ta_vmd,20,456,fold_4,2012,2024,2025,3087,234,61.58893363688811,46.38652829244607,6.13731714278249,-0.4642798208030521,0.5299145299145299,22.201067999994848
outer_test,lstm_attention,full_ta_vmd,20,789,fold_1,2012,2021,2022,2359,241,29.36525836335092,23.13409997655149,2.3513909099849517,-0.7408312761446336,0.4688796680497925,19.10043749999022
outer_test,lstm_attention,full_ta_vmd,20,789,fold_2,2012,2022,2023,2600,243,27.75896488943181,21.99770999194173,2.37820416664149,0.6107789707509056,0.51440329218107,19.393185699998867
outer_test,lstm_attention,full_ta_vmd,20,789,fold_3,2012,2023,2024,2843,244,24.15206766646016,19.223046698863403,2.246252071506062,0.6991991456490572,0.4959016393442623,20.34975240001222
outer_test,lstm_attention,full_ta_vmd,20,789,fold_4,2012,2024,2025,3087,234,53.314153205758544,40.60029938903632,5.369347055220805,-0.0972453255100029,0.5384615384615384,22.6031868000282
outer_test,lstm_attention,full_ta_vmd,20,2025,fold_1,2012,2021,2022,2359,241,33.17546656182651,25.753590483487383,2.6096115913186564,-1.221892826260964,0.4730290456431535,18.498183900024745
outer_test,lstm_attention,full_ta_vmd,20,2025,fold_2,2012,2022,2023,2600,243,29.247379541789208,23.7529113965172,2.598049831425416,0.5679204782881611,0.5020576131687243,19.66926309996052
outer_test,lstm_attention,full_ta_vmd,20,2025,fold_3,2012,2023,2024,2843,244,38.20435578466236,29.72434301827777,3.5202863983893247,0.2473445796812315,0.5040983606557377,20.95434810000006
outer_test,lstm_attention,full_ta_vmd,20,2025,fold_4,2012,2024,2025,3087,234,29.65285619790285,23.245381274009365,2.98141457984476,0.6605687910405312,0.4871794871794871,22.41528190003009
outer_test,lstm_cnn_attention,full_ta,20,42,fold_1,2012,2021,2022,2359,241,32.0181887097617,24.949005573023403,2.5332261618793246,-1.0695815694913209,0.4481327800829875,22.85757750004996
outer_test,lstm_cnn_attention,full_ta,20,42,fold_2,2012,2022,2023,2600,243,28.36640906940486,21.952761431113192,2.367431721977078,0.5935580889982358,0.5432098765432098,23.790865499991924
outer_test,lstm_cnn_attention,full_ta,20,42,fold_3,2012,2023,2024,2843,244,35.875312909689875,29.985855443321316,3.541240258059557,0.3363152672317263,0.4918032786885246,24.681279800017364
outer_test,lstm_cnn_attention,full_ta,20,42,fold_4,2012,2024,2025,3087,234,96.64883218570652,73.28400350405622,9.642252853863084,-2.605885478669091,0.5598290598290598,25.893988900003023
outer_test,lstm_cnn_attention,full_ta,20,123,fold_1,2012,2021,2022,2359,241,32.94993096522609,24.690060997108205,2.5043707207908708,-1.1917854839016069,0.4481327800829875,22.695594699995127
outer_test,lstm_cnn_attention,full_ta,20,123,fold_2,2012,2022,2023,2600,243,31.152028601226636,25.034918538552752,2.716978291101128,0.5098122798253688,0.5061728395061729,23.348037499992643
outer_test,lstm_cnn_attention,full_ta,20,123,fold_3,2012,2023,2024,2843,244,62.322578309921006,53.84784359478562,6.385035884240027,-1.002909174257006,0.4918032786885246,25.212883099971805
outer_test,lstm_cnn_attention,full_ta,20,123,fold_4,2012,2024,2025,3087,234,54.31193280074105,42.07687798185229,5.521460293805512,-0.1386997483525403,0.5299145299145299,26.852418399997987
outer_test,lstm_cnn_attention,full_ta,20,456,fold_1,2012,2021,2022,2359,241,33.407538519632524,26.295608065632862,2.669122977548713,-1.2530871149136038,0.4273858921161825,22.91101039998466
outer_test,lstm_cnn_attention,full_ta,20,456,fold_2,2012,2022,2023,2600,243,29.85238590327749,23.83701530939268,2.593712179846719,0.5498597416395834,0.4732510288065844,25.147272199974395
outer_test,lstm_cnn_attention,full_ta,20,456,fold_3,2012,2023,2024,2843,244,36.18382652610271,28.68418874295034,3.408473237929182,0.3248513289375326,0.5327868852459017,26.427280200005043
outer_test,lstm_cnn_attention,full_ta,20,456,fold_4,2012,2024,2025,3087,234,65.08137249874838,48.69973244832115,6.448110309244989,-0.6350540525740012,0.5213675213675214,27.910921300004706
outer_test,lstm_cnn_attention,full_ta,20,789,fold_1,2012,2021,2022,2359,241,34.339212098116384,25.48473486894393,2.58436500747637,-1.3805081936195327,0.4605809128630705,25.318305400025565
outer_test,lstm_cnn_attention,full_ta,20,789,fold_2,2012,2022,2023,2600,243,28.46742065742994,22.985527414117826,2.486061119339016,0.5906582900886841,0.4979423868312757,25.705462599988092
outer_test,lstm_cnn_attention,full_ta,20,789,fold_3,2012,2023,2024,2843,244,59.55287236310294,53.427036266698245,6.285752565296826,-0.8288406168898061,0.4795081967213114,27.28898480004864
outer_test,lstm_cnn_attention,full_ta,20,789,fold_4,2012,2024,2025,3087,234,85.91254164691861,65.96982372394997,8.618795502603303,-1.8492584368318603,0.5427350427350427,27.03492039995035
outer_test,lstm_cnn_attention,full_ta,20,2025,fold_1,2012,2021,2022,2359,241,39.584224198170766,30.97090573813409,3.1356924481334767,-2.1632484484669474,0.4605809128630705,23.131481899996288
outer_test,lstm_cnn_attention,full_ta,20,2025,fold_2,2012,2022,2023,2600,243,29.34000361348524,23.70660712950515,2.569609870529063,0.5651794234111105,0.4979423868312757,24.033829600026365
outer_test,lstm_cnn_attention,full_ta,20,2025,fold_3,2012,2023,2024,2843,244,35.14889074776944,27.784838334302464,3.263845628650477,0.3629204281585524,0.5,26.076362899970263
outer_test,lstm_cnn_attention,full_ta,20,2025,fold_4,2012,2024,2025,3087,234,57.77969633216006,45.87060607511777,6.019226937303951,-0.2887516018277114,0.5299145299145299,27.408431400021072
outer_test,lstm_cnn_attention,full_ta_vmd,20,42,fold_1,2012,2021,2022,2359,241,29.761908460927383,23.307791418099303,2.370895089052504,-0.7881773164270542,0.4771784232365145,23.725567999994382
outer_test,lstm_cnn_attention,full_ta_vmd,20,42,fold_2,2012,2022,2023,2600,243,29.88451199602944,23.92558599562312,2.594117260793792,0.5488903699396037,0.4938271604938271,24.76715849997709
outer_test,lstm_cnn_attention,full_ta_vmd,20,42,fold_3,2012,2023,2024,2843,244,38.98619298641359,32.3938635224202,3.833910398743149,0.2162237697068215,0.5327868852459017,27.308851800044067
outer_test,lstm_cnn_attention,full_ta_vmd,20,42,fold_4,2012,2024,2025,3087,234,65.07600500267756,50.29705119289906,6.609474863089691,-0.634784366058011,0.5299145299145299,28.833750699996017
outer_test,lstm_cnn_attention,full_ta_vmd,20,123,fold_1,2012,2021,2022,2359,241,28.84072794814816,22.16466788400753,2.2515251489704524,-0.6791962822694435,0.4730290456431535,23.71162150002783
outer_test,lstm_cnn_attention,full_ta_vmd,20,123,fold_2,2012,2022,2023,2600,243,30.28774061613868,24.51255266399541,2.658150779898861,0.536634690830484,0.4979423868312757,25.143887499987613
outer_test,lstm_cnn_attention,full_ta_vmd,20,123,fold_3,2012,2023,2024,2843,244,38.146336370467125,31.558430016705277,3.741249516103041,0.249628898670029,0.5491803278688525,27.049506500014104
outer_test,lstm_cnn_attention,full_ta_vmd,20,123,fold_4,2012,2024,2025,3087,234,91.10154682376329,72.91542825779348,9.508577879095713,-2.2038355052637986,0.5256410256410257,28.31472899997607
outer_test,lstm_cnn_attention,full_ta_vmd,20,456,fold_1,2012,2021,2022,2359,241,32.94842279729344,25.685195915055964,2.604774852004881,-1.1915848458526317,0.4439834024896265,24.2656589000253
outer_test,lstm_cnn_attention,full_ta_vmd,20,456,fold_2,2012,2022,2023,2600,243,29.05105903764519,23.36624732643489,2.5380973742924766,0.5737016030953581,0.4773662551440329,25.57309909997275
outer_test,lstm_cnn_attention,full_ta_vmd,20,456,fold_3,2012,2023,2024,2843,244,37.78357430212267,30.0248746758602,3.553431966423062,0.2638327196598203,0.5081967213114754,26.90973929996835
outer_test,lstm_cnn_attention,full_ta_vmd,20,456,fold_4,2012,2024,2025,3087,234,89.35567248614502,68.07880558549851,8.985060905015887,-2.08221523885621,0.5341880341880342,28.60763510002289
outer_test,lstm_cnn_attention,full_ta_vmd,20,789,fold_1,2012,2021,2022,2359,241,29.75463336055341,22.961372095163437,2.33196801468689,-0.787303207195913,0.4647302904564315,24.597373600001447
outer_test,lstm_cnn_attention,full_ta_vmd,20,789,fold_2,2012,2022,2023,2600,243,28.79640359295625,22.915540646172364,2.4797974881028475,0.581142530061626,0.48559670781893,25.001053100044373
outer_test,lstm_cnn_attention,full_ta_vmd,20,789,fold_3,2012,2023,2024,2843,244,31.39566302821781,25.04391731383373,2.944187298662325,0.49171212473938,0.5163934426229508,28.00844569999026
outer_test,lstm_cnn_attention,full_ta_vmd,20,789,fold_4,2012,2024,2025,3087,234,99.19560290640132,75.97387700201102,9.996873716218566,-2.798424957502668,0.5598290598290598,28.55601309996564
outer_test,lstm_cnn_attention,full_ta_vmd,20,2025,fold_1,2012,2021,2022,2359,241,35.03874814718057,27.08750390579096,2.744440431139548,-1.4784844080291504,0.4647302904564315,23.87890499999048
outer_test,lstm_cnn_attention,full_ta_vmd,20,2025,fold_2,2012,2022,2023,2600,243,28.902080613061774,23.293458523593333,2.52501785502096,0.5780626434772628,0.4979423868312757,24.437648500024807
outer_test,lstm_cnn_attention,full_ta_vmd,20,2025,fold_3,2012,2023,2024,2843,244,39.0114261297711,31.948657973574853,3.767990093978933,0.2152088699861734,0.5081967213114754,27.773013199970592
outer_test,lstm_cnn_attention,full_ta_vmd,20,2025,fold_4,2012,2024,2025,3087,234,35.65708312610257,27.29589906156575,3.581271080393664,0.5091934668541302,0.5085470085470085,28.602915099996608
